[{"id":1,"name":"apple","text_color":{"r":255,"g":56,"b":255},"background_color":{"r":0,"g":0,"b":255},"mp3":[{"id":13,"mp3_path":"mp3\/l\/iJkMGATxKESfAw22MEZlyBGezKolSqHX8Mlef7o5.mp3","duration":679},{"id":14,"mp3_path":"mp3\/h\/CO1dG4ETXNFaTxx3adVJW78Kwry2wwhdXgdqpOdp.mp3","duration":1018}],"sound_effect":[{"id":7,"mp3_path":"sound-effect\/n\/Y4wk7yku2RwMQmxnNBvVdKFCyZc7V1lYQlMqxDHT.mp3","duration":720},{"id":8,"mp3_path":"sound-effect\/c\/LQILSUh5WQIhdskWCu4d83CgpVpAmcpGZtcfarRF.mp3","duration":984},{"id":9,"mp3_path":"sound-effect\/n\/PmBBbJfKaw3ndp7k3ZOQ0qa7k0TA33fJ9ANR1eFF.mp3","duration":1896}],"image":[{"id":1,"image_path":"images\/a\/hNOi4QhU2DYby506LSQkGOLN8Rtvs3iUhmJ96zzT.jpeg","animation":0},{"id":2,"image_path":"images\/z\/AOTNOpIzj5u40Hs7XBhMuQTRz2QGnl9VhYPEZSdY.jpeg","animation":0},{"id":3,"image_path":"images\/m\/AtYIFWf5x7p61QwkzORJk9UVvU828Nonk6dMdbRx.jpeg","animation":1,"animation_data":{"tex":"animation\/z\/apple_image\/CUNGMEM_tex.png","json":"animation\/z\/apple_image\/data.json"}},{"id":22,"image_path":"images\/l\/PrPaq5wKOz1iklo7p71NayIboQFDcKVjm1dm5z8P.jpeg","animation":0}],"video_mouth":[{"id":13,"video_path":"video\/q\/slgMI0Y8AbctX0UoXXJuvkW1KOnEhIQ7CN1uL9kn.mp4","black_background":1,"duration":9360},{"id":14,"video_path":"video\/l\/HjxjT92RfW7JaVRLzmY7X24L4aHAWuqQbkR4oqLZ.mp4","black_background":1,"duration":7520}],"video":[{"id":1,"type":"video","video_path":"video\/z\/MxXw9uHdAIVV4IUsYz7T2NcMMQlYaxT73iBQk552.mp4","animation_data":[],"black_background":0,"duration":10070,"sentence":{"id":1661,"text":"Apple trees grow from apple seeds.","mp3":[{"id":9,"mp3_path":"mp3\/e\/RPzDiXwXzmgSi4rQI0QQ8ZP2EbIOmwq8IcH720ZH.mp3","duration":4440,"sync_text":[{"w":"Apple","ts":0,"te":4,"s":0,"e":580},{"w":"trees","ts":6,"te":10,"s":580,"e":1470},{"w":"grow","ts":12,"te":15,"s":1470,"e":2100},{"w":"from","ts":17,"te":20,"s":2100,"e":2610},{"w":"apple","ts":22,"te":26,"s":2610,"e":3290},{"w":"seeds.","ts":28,"te":33,"s":3290,"e":4400}]},{"id":11,"mp3_path":"mp3\/q\/Mj05QriuP5Ts4Bixm6hTy6cxS6OPdNxaxIirWmZr.mp3","duration":5041,"sync_text":[{"w":"Apple","ts":0,"te":4,"s":0,"e":800},{"w":"trees","ts":6,"te":10,"s":800,"e":1740},{"w":"grow","ts":12,"te":15,"s":1740,"e":2460},{"w":"from","ts":17,"te":20,"s":2460,"e":3080},{"w":"apple","ts":22,"te":26,"s":3080,"e":3880},{"w":"seeds.","ts":28,"te":33,"s":3880,"e":4920}]}],"keywords":[{"text":"Apple","start":"0","end":"4","mp3":[{"id":13,"mp3_path":"mp3\/l\/iJkMGATxKESfAw22MEZlyBGezKolSqHX8Mlef7o5.mp3","duration":679},{"id":14,"mp3_path":"mp3\/h\/CO1dG4ETXNFaTxx3adVJW78Kwry2wwhdXgdqpOdp.mp3","duration":1018}],"animations":[{"path":"word-data\/images\/d\/EbklLtWoKEjZKPtUtyDybLpm07G30RDJPB1VEEBW.jpeg","animation":false},{"path":"word-data\/images\/h\/QQpNT6DlzvzYHgYf8XXltkM14GMSGep9i7aVjHpn.jpeg","animation":false},{"path":"word-data\/images\/a\/GlBcUTivt3IUXMtjcsDjOO3LP6HqLZGKeRGupvOp.jpeg","animation":false},{"path":"word-data\/images\/t\/1c6Yjod1Ptdku8fTI73vjuHdPfrCJccQKXlo6vn9.jpeg","animation":false},{"path":"word-data\/animation\/l\/apple","animation":true,"animation_data":{"tex":"word-data\/animation\/l\/apple\/apple_tex.png","json":"word-data\/animation\/l\/apple\/data.json"}}]},{"text":"trees","start":"6","end":"10","mp3":[{"id":15,"mp3_path":"mp3\/p\/kJRazD02noFKwYUBhNQr9t5NVWxGnoOo6MjmTbLv.mp3","duration":1358}],"animations":[{"path":"word-data\/images\/i\/xcXUBnsHQxoNxI0WC8MTT2EWiijw2HQReUyH6F7F.jpeg","animation":false},{"path":"word-data\/images\/o\/EpoxdvvEnzxB5tbhYrML4qo6OV0ejxVmHPHr0gwm.jpeg","animation":false}]},{"text":"apple","start":"22","end":"26","mp3":[{"id":13,"mp3_path":"mp3\/l\/iJkMGATxKESfAw22MEZlyBGezKolSqHX8Mlef7o5.mp3","duration":679},{"id":14,"mp3_path":"mp3\/h\/CO1dG4ETXNFaTxx3adVJW78Kwry2wwhdXgdqpOdp.mp3","duration":1018}],"animations":[{"path":"word-data\/images\/d\/EbklLtWoKEjZKPtUtyDybLpm07G30RDJPB1VEEBW.jpeg","animation":false},{"path":"word-data\/images\/h\/QQpNT6DlzvzYHgYf8XXltkM14GMSGep9i7aVjHpn.jpeg","animation":false},{"path":"word-data\/images\/a\/GlBcUTivt3IUXMtjcsDjOO3LP6HqLZGKeRGupvOp.jpeg","animation":false},{"path":"word-data\/images\/t\/1c6Yjod1Ptdku8fTI73vjuHdPfrCJccQKXlo6vn9.jpeg","animation":false},{"path":"word-data\/animation\/l\/apple","animation":true,"animation_data":{"tex":"word-data\/animation\/l\/apple\/apple_tex.png","json":"word-data\/animation\/l\/apple\/data.json"}}]},{"text":"seeds","start":"28","end":"32","mp3":[{"id":18,"mp3_path":"mp3\/x\/5nVGoPmXdOzGMqSNqG0rmEgShuoKSElIF5sjqzX0.mp3","duration":1410}],"animations":[{"path":"word-data\/images\/s\/PQfCF65ZlUQHQKARptNDRkd4FNRVM8PgVUJJPyv4.jpeg","animation":false},{"path":"word-data\/images\/n\/Q5X5tlKBL8W9L77unOjsdIbjEVcYKfOF8TCVtcLm.jpeg","animation":false},{"path":"word-data\/images\/k\/rngV5FXhVQimoKiKbK1srxp0utoozzTax9chjcd9.jpeg","animation":false}]}]}},{"id":2,"type":"video","video_path":"video\/m\/o446kwgb3wnkXjoYMsun3fjzvjsfzUxonoBV68jk.mp4","animation_data":[],"black_background":1,"duration":4972,"sentence":{"id":1662,"text":"One apple seed can grow a new apple tree.","mp3":[{"id":19,"mp3_path":"mp3\/g\/xXG1fuSzKdF1lb5yHK92c2u1Nke1v9kZnYKnHrW1.mp3","duration":5433,"sync_text":[{"w":"One","ts":0,"te":2,"s":0,"e":730},{"w":"apple","ts":4,"te":8,"s":730,"e":1320},{"w":"seed","ts":10,"te":13,"s":1320,"e":2040},{"w":"can","ts":15,"te":17,"s":2040,"e":2430},{"w":"grow","ts":19,"te":22,"s":2430,"e":3100},{"w":"a","ts":24,"te":24,"s":3100,"e":3260},{"w":"new","ts":26,"te":28,"s":3260,"e":3940},{"w":"apple","ts":30,"te":34,"s":3940,"e":4650},{"w":"tree.","ts":36,"te":40,"s":4650,"e":5010}]},{"id":20,"mp3_path":"mp3\/z\/vMPZhQTfh2NfPGO7VOmeQtGjuddPtkkShIxAflDl.mp3","duration":5459,"sync_text":[{"w":"One","ts":0,"te":2,"s":0,"e":690},{"w":"apple","ts":4,"te":8,"s":690,"e":1260},{"w":"seed","ts":10,"te":13,"s":1260,"e":1920},{"w":"can","ts":15,"te":17,"s":1920,"e":2320},{"w":"grow","ts":19,"te":22,"s":2320,"e":2990},{"w":"a","ts":24,"te":24,"s":2990,"e":3260},{"w":"new","ts":26,"te":28,"s":3260,"e":4000},{"w":"apple","ts":30,"te":34,"s":4000,"e":4580},{"w":"tree.","ts":36,"te":40,"s":4580,"e":5400}]}],"keywords":[{"text":"apple seed","start":"4","end":"13","mp3":[{"id":21,"mp3_path":"mp3\/v\/5Xh3say430PyQmnVgDgnpIM9GTJECK96kGI5HPc1.mp3","duration":1201},{"id":22,"mp3_path":"mp3\/o\/QZ2NqxgVU8PfO9hjiVAvWhBSk7T4NTudwIpaVY90.mp3","duration":936},{"id":23,"mp3_path":"mp3\/q\/n2mMasLWhlXU2Mp4fFe9ZfIwTy2oxRE78uN8sMYS.mp3","duration":1201}],"animations":[{"path":"word-data\/images\/h\/ek1ErI9QRPRujrzW5cQ75dxvQkt3NSlGyU4UVobk.jpeg","animation":false},{"path":"word-data\/images\/z\/TLlMWZM5HUDJVSXp0Ol0rK12I2O5M9VcH8KEQIA3.jpeg","animation":false},{"path":"word-data\/images\/h\/CbyWfAJFsekbCM28kvFjabtolbvmYrUfUt6O6ZaK.jpeg","animation":false}]},{"text":"apple","start":"30","end":"34","mp3":[{"id":13,"mp3_path":"mp3\/l\/iJkMGATxKESfAw22MEZlyBGezKolSqHX8Mlef7o5.mp3","duration":679},{"id":14,"mp3_path":"mp3\/h\/CO1dG4ETXNFaTxx3adVJW78Kwry2wwhdXgdqpOdp.mp3","duration":1018}],"animations":[{"path":"word-data\/images\/d\/EbklLtWoKEjZKPtUtyDybLpm07G30RDJPB1VEEBW.jpeg","animation":false},{"path":"word-data\/images\/h\/QQpNT6DlzvzYHgYf8XXltkM14GMSGep9i7aVjHpn.jpeg","animation":false},{"path":"word-data\/images\/a\/GlBcUTivt3IUXMtjcsDjOO3LP6HqLZGKeRGupvOp.jpeg","animation":false},{"path":"word-data\/images\/t\/1c6Yjod1Ptdku8fTI73vjuHdPfrCJccQKXlo6vn9.jpeg","animation":false},{"path":"word-data\/animation\/l\/apple","animation":true,"animation_data":{"tex":"word-data\/animation\/l\/apple\/apple_tex.png","json":"word-data\/animation\/l\/apple\/data.json"}}]},{"text":"tree","start":"36","end":"39","mp3":[{"id":24,"mp3_path":"mp3\/n\/EkfNe60h0i35UEorwJXXMSOsC39618LOnlgQ3Rxe.mp3","duration":862},{"id":25,"mp3_path":"mp3\/w\/6GZurZ2DiObyncJhMoNttizniXlQm6DJyHzuTtCI.mp3","duration":809}],"animations":[{"path":"word-data\/images\/i\/xcXUBnsHQxoNxI0WC8MTT2EWiijw2HQReUyH6F7F.jpeg","animation":false},{"path":"word-data\/images\/o\/EpoxdvvEnzxB5tbhYrML4qo6OV0ejxVmHPHr0gwm.jpeg","animation":false}]}]}},{"id":12,"type":"image","video_path":"images\/l\/PrPaq5wKOz1iklo7p71NayIboQFDcKVjm1dm5z8P.jpeg","animation_data":[],"black_background":0,"duration":0,"sentence":{"id":1667,"text":"The dog drops his bone.","mp3":[{"id":34,"mp3_path":"mp3\/x\/MzvzRAmTsgaanp8tsdRscQlq6gEyLlcyTQP4llfJ.mp3","duration":2168,"sync_text":[{"w":"The","ts":0,"te":2,"s":0,"e":250},{"w":"dog","ts":4,"te":6,"s":250,"e":720},{"w":"drops","ts":8,"te":12,"s":720,"e":1050},{"w":"his","ts":14,"te":16,"s":1050,"e":1370},{"w":"bone","ts":18,"te":21,"s":1370,"e":1970}]},{"id":36,"mp3_path":"mp3\/w\/VpEQBFhZaLRwSc9xaD9utGE7go33Z3CjKEbDLaBr.mp3","duration":3291,"sync_text":[{"w":"The","ts":0,"te":2,"s":0,"e":310},{"w":"dog","ts":4,"te":6,"s":310,"e":1030},{"w":"drops","ts":8,"te":12,"s":1030,"e":1890},{"w":"his","ts":14,"te":16,"s":1890,"e":2400},{"w":"bone.","ts":18,"te":22,"s":2400,"e":3220}]}],"keywords":[{"text":"dog","start":"4","end":"6","mp3":[{"id":37,"mp3_path":"mp3\/d\/7B8NKst05u7Nce15B1w9cG3boFSuM1VnNil1EmCi.mp3","duration":888},{"id":38,"mp3_path":"mp3\/r\/CQmUhCBd26wQLm8edyY8J5ldRQ0K16g7AU1siiFk.mp3","duration":600}],"animations":[{"path":"word-data\/images\/b\/IC7A8LfwSQCUEBuFRMXhWEQaUCl2ykdejbnYAclg.jpeg","animation":false},{"path":"word-data\/images\/h\/m9fRkPAzpkB5fIbVGMCR03RnG2zOJEkNN6EJMkxW.jpeg","animation":false},{"path":"word-data\/images\/d\/Yhfm9ZVxQLiazSiTnEMOuI6afe1F6jyyou8qvzpp.jpeg","animation":false},{"path":"word-data\/images\/t\/uYaeGN947yoJHnvpbFtuxgTlV7VH7otf5AT0PO0X.jpeg","animation":false},{"path":"word-data\/images\/m\/mImUiIBvtyRkCFAyjC13wOAdeHvIDS933wLvJmG6.jpeg","animation":false}]},{"text":"bone","start":"18","end":"21","mp3":[{"id":35,"mp3_path":"mp3\/k\/49071tSEgtTtdYvnDcRr2yNCp0xRl81v5lt4Zeio.mp3","duration":783}],"animations":[{"path":"word-data\/images\/h\/oJgoe3cI9CAylmZV0Ahz5Owy3d4gepGSUlApJYe8.jpeg","animation":false},{"path":"word-data\/images\/h\/ZNtIKgDuZcbnE2gKvXDBIDWt1bC0fS385vf8Bjkv.jpeg","animation":false}]}]}},{"id":13,"type":"dragon","video_path":"animation\/z\/apple_image","animation_data":{"tex":"animation\/z\/apple_image\/CUNGMEM_tex.png","json":"animation\/z\/apple_image\/data.json"},"black_background":0,"duration":0,"sentence":{"id":1667,"text":"The dog drops his bone.","mp3":[{"id":34,"mp3_path":"mp3\/x\/MzvzRAmTsgaanp8tsdRscQlq6gEyLlcyTQP4llfJ.mp3","duration":2168,"sync_text":[{"w":"The","ts":0,"te":2,"s":0,"e":250},{"w":"dog","ts":4,"te":6,"s":250,"e":720},{"w":"drops","ts":8,"te":12,"s":720,"e":1050},{"w":"his","ts":14,"te":16,"s":1050,"e":1370},{"w":"bone","ts":18,"te":21,"s":1370,"e":1970}]},{"id":36,"mp3_path":"mp3\/w\/VpEQBFhZaLRwSc9xaD9utGE7go33Z3CjKEbDLaBr.mp3","duration":3291,"sync_text":[{"w":"The","ts":0,"te":2,"s":0,"e":310},{"w":"dog","ts":4,"te":6,"s":310,"e":1030},{"w":"drops","ts":8,"te":12,"s":1030,"e":1890},{"w":"his","ts":14,"te":16,"s":1890,"e":2400},{"w":"bone.","ts":18,"te":22,"s":2400,"e":3220}]}],"keywords":[{"text":"dog","start":"4","end":"6","mp3":[{"id":37,"mp3_path":"mp3\/d\/7B8NKst05u7Nce15B1w9cG3boFSuM1VnNil1EmCi.mp3","duration":888},{"id":38,"mp3_path":"mp3\/r\/CQmUhCBd26wQLm8edyY8J5ldRQ0K16g7AU1siiFk.mp3","duration":600}],"animations":[{"path":"word-data\/images\/b\/IC7A8LfwSQCUEBuFRMXhWEQaUCl2ykdejbnYAclg.jpeg","animation":false},{"path":"word-data\/images\/h\/m9fRkPAzpkB5fIbVGMCR03RnG2zOJEkNN6EJMkxW.jpeg","animation":false},{"path":"word-data\/images\/d\/Yhfm9ZVxQLiazSiTnEMOuI6afe1F6jyyou8qvzpp.jpeg","animation":false},{"path":"word-data\/images\/t\/uYaeGN947yoJHnvpbFtuxgTlV7VH7otf5AT0PO0X.jpeg","animation":false},{"path":"word-data\/images\/m\/mImUiIBvtyRkCFAyjC13wOAdeHvIDS933wLvJmG6.jpeg","animation":false}]}]}}]},{"id":2,"name":"ant","mp3":[{"id":31,"mp3_path":"mp3\/t\/YaKLEcIsrUaBCV3qUE7S8K3ckEtVDjsMhyKiNzVa.mp3","duration":705},{"id":33,"mp3_path":"mp3\/j\/p00Ta97zg5CSG7arWjnHdAQIKUZlbB9GBrN69tpj.mp3","duration":705}],"image":[{"id":8,"image_path":"images\/n\/ej7KNq1Pp1sHkXJun5yOSjwXS9aQ2UhI0qQDsEXZ.jpeg","animation":0},{"id":9,"image_path":"images\/e\/UJAa2q3Mx8WgTdFsoegYPIxdz42Rue6i74O5gW3J.jpeg","animation":0},{"id":10,"image_path":"images\/b\/GayU7vwcN1ZSmlKeCUmln1vEoeEFW0i0d4WZzAo7.jpeg","animation":0}],"video":[{"id":8,"type":"video","video_path":"video\/q\/eY1k2VZhUdV1lV7IVrsWVa0muwqRWLoBG6hQogsz.mp4","animation_data":[],"black_background":0,"duration":7120,"sentence":{"id":1666,"text":"The ant is crawling slowly.","mp3":[{"id":28,"mp3_path":"mp3\/h\/dbjPjeK6YvXWE1DYZ8yDefPVmH7ppWaVK9UEWn1t.mp3","duration":2977,"sync_text":[{"w":"The","ts":0,"te":2,"s":0,"e":210},{"w":"ant","ts":4,"te":6,"s":210,"e":760},{"w":"is","ts":8,"te":9,"s":760,"e":1280},{"w":"crawling","ts":11,"te":18,"s":1280,"e":1880},{"w":"slowly","ts":20,"te":25,"s":1880,"e":2800}]},{"id":30,"mp3_path":"mp3\/j\/WOPOdwUDpFWq1W3fI1ydHOkxQ6eCshXJuEK8KeFj.mp3","duration":3336,"sync_text":[{"w":"The","ts":0,"te":2,"s":0,"e":380},{"w":"ant","ts":4,"te":6,"s":380,"e":1080},{"w":"is","ts":8,"te":9,"s":1080,"e":1500},{"w":"crawling","ts":11,"te":18,"s":1500,"e":2300},{"w":"slowly.","ts":20,"te":26,"s":2300,"e":3650}]}],"keywords":[{"text":"ant","start":"4","end":"6","mp3":[{"id":31,"mp3_path":"mp3\/t\/YaKLEcIsrUaBCV3qUE7S8K3ckEtVDjsMhyKiNzVa.mp3","duration":705},{"id":33,"mp3_path":"mp3\/j\/p00Ta97zg5CSG7arWjnHdAQIKUZlbB9GBrN69tpj.mp3","duration":705}],"animations":[{"path":"word-data\/images\/w\/N6mF695uCJL6rCTyswRKxGdrMGRa5tdjQcRYj5Ux.jpeg","animation":false},{"path":"word-data\/images\/q\/2Ew8Wdqmw1dsjmAK6EbiUN79ISEqNP3L0MBeP4jI.jpeg","animation":false},{"path":"word-data\/images\/n\/IOPwsFUkGqU5rcRbwDgeR9l44D8OfkZfc7COIPJO.jpeg","animation":false}]}]}},{"id":9,"type":"video","video_path":"video\/a\/mAurbIYXc9KCW0ZJTeCmQYbya4eIE4Au36CWCcXD.mp4","animation_data":[],"black_background":0,"duration":8240,"sentence":{"id":1665,"text":"The crawling ant has a red head and brown legs.","mp3":[{"id":26,"mp3_path":"mp3\/b\/0g1n8sJ6gCGjHl9fJzOFBgYbie6UcYtYaE40r8p1.mp3","duration":6373,"sync_text":[{"w":"The","ts":0,"te":2,"s":0,"e":540},{"w":"crawling","ts":4,"te":11,"s":540,"e":1260},{"w":"ant","ts":13,"te":15,"s":1260,"e":1900},{"w":"has","ts":17,"te":19,"s":1900,"e":2350},{"w":"a","ts":21,"te":21,"s":2350,"e":2600},{"w":"red","ts":23,"te":25,"s":2600,"e":3100},{"w":"head","ts":27,"te":30,"s":3100,"e":3800},{"w":"and","ts":32,"te":34,"s":3800,"e":4430},{"w":"brown","ts":36,"te":40,"s":4430,"e":5270},{"w":"legs.","ts":42,"te":46,"s":5270,"e":6370}]},{"id":29,"mp3_path":"mp3\/z\/QkP1Wp201PghMnm2UikWL3usiMLvqbsG8Tmb7PzZ.mp3","duration":6373,"sync_text":[{"w":"The","ts":0,"te":2,"s":0,"e":470},{"w":"crawling","ts":4,"te":11,"s":470,"e":1500},{"w":"ant","ts":13,"te":15,"s":1500,"e":2170},{"w":"has","ts":17,"te":19,"s":2170,"e":2810},{"w":"a","ts":21,"te":21,"s":2810,"e":3120},{"w":"red","ts":23,"te":25,"s":3120,"e":3760},{"w":"head","ts":27,"te":30,"s":3760,"e":4250},{"w":"and","ts":32,"te":34,"s":4250,"e":4840},{"w":"brown","ts":36,"te":40,"s":4840,"e":5440},{"w":"legs.","ts":42,"te":46,"s":5440,"e":6540}]}],"keywords":[{"text":"ant","start":"13","end":"15","mp3":[{"id":31,"mp3_path":"mp3\/t\/YaKLEcIsrUaBCV3qUE7S8K3ckEtVDjsMhyKiNzVa.mp3","duration":705},{"id":33,"mp3_path":"mp3\/j\/p00Ta97zg5CSG7arWjnHdAQIKUZlbB9GBrN69tpj.mp3","duration":705}],"animations":[{"path":"word-data\/images\/w\/N6mF695uCJL6rCTyswRKxGdrMGRa5tdjQcRYj5Ux.jpeg","animation":false},{"path":"word-data\/images\/q\/2Ew8Wdqmw1dsjmAK6EbiUN79ISEqNP3L0MBeP4jI.jpeg","animation":false},{"path":"word-data\/images\/n\/IOPwsFUkGqU5rcRbwDgeR9l44D8OfkZfc7COIPJO.jpeg","animation":false}]},{"text":"legs","start":"42","end":"45","mp3":[{"id":27,"mp3_path":"mp3\/r\/VQ9ftRzhh7GJzCwom1N0UmhGoQVjPSbSEteNoVIb.mp3","duration":1149},{"id":32,"mp3_path":"mp3\/c\/TKNoU3Z64rtH4kmNtQqZUfVvFy1T6Ve1FbllYKHV.mp3","duration":1018}],"animations":[{"path":"word-data\/images\/v\/cdBLLLKUpr7lpsiISuIBCjcl5kBljtXDsmG60Vvg.jpeg","animation":false}]}]}}]}]